,human_count,human_weight,human_panic,human_speed,Run,Total_steps
0,25,1.193359375,3.6298828125,2.353515625,0,18
1,29,1.193359375,3.6298828125,2.353515625,1,19
2,25,2.814453125,3.6298828125,2.353515625,2,14
3,25,1.193359375,0.3212890625,2.353515625,3,19
4,25,1.193359375,3.6298828125,2.798828125,4,13
5,25,2.814453125,0.3212890625,2.798828125,5,17
6,29,1.193359375,0.3212890625,2.798828125,6,16
7,29,2.814453125,3.6298828125,2.798828125,7,17
8,29,2.814453125,0.3212890625,2.353515625,8,15
9,29,2.814453125,0.3212890625,2.798828125,9,16
10,60,2.193359375,0.1298828125,1.353515625,10,22
11,64,2.193359375,0.1298828125,1.353515625,11,25
12,60,1.814453125,0.1298828125,1.353515625,12,25
13,60,2.193359375,3.8212890625,1.353515625,13,25
14,60,2.193359375,0.1298828125,1.798828125,14,24
15,60,1.814453125,3.8212890625,1.798828125,15,23
16,64,2.193359375,3.8212890625,1.798828125,16,31
17,64,1.814453125,0.1298828125,1.798828125,17,27
18,64,1.814453125,3.8212890625,1.353515625,18,27
19,64,1.814453125,3.8212890625,1.798828125,19,26
20,77,1.693359375,5.3798828125,2.853515625,20,30
21,47,1.693359375,5.3798828125,2.853515625,21,22
22,77,1.314453125,5.3798828125,2.853515625,22,36
23,77,1.693359375,2.0712890625,2.853515625,23,28
24,77,1.693359375,5.3798828125,1.298828125,24,32
25,77,1.314453125,2.0712890625,1.298828125,25,34
26,47,1.693359375,2.0712890625,1.298828125,26,19
27,47,1.314453125,5.3798828125,1.298828125,27,25
28,47,1.314453125,2.0712890625,2.853515625,28,20
29,47,1.314453125,2.0712890625,1.298828125,29,21
30,42,2.693359375,1.8798828125,1.853515625,30,17
31,12,2.693359375,1.8798828125,1.853515625,31,11
32,42,2.314453125,1.8798828125,1.853515625,32,21
33,42,2.693359375,5.5712890625,1.853515625,33,17
34,42,2.693359375,1.8798828125,2.298828125,34,23
35,42,2.314453125,5.5712890625,2.298828125,35,21
36,12,2.693359375,5.5712890625,2.298828125,36,12
37,12,2.314453125,1.8798828125,2.298828125,37,11
38,12,2.314453125,5.5712890625,1.853515625,38,9
39,12,2.314453125,5.5712890625,2.298828125,39,10
40,34,1.943359375,1.0048828125,1.603515625,40,20
41,20,1.943359375,1.0048828125,1.603515625,41,12
42,34,2.564453125,1.0048828125,1.603515625,42,17
43,34,1.943359375,2.9462890625,1.603515625,43,18
44,34,1.943359375,1.0048828125,1.048828125,44,17
45,34,2.564453125,2.9462890625,1.048828125,45,16
46,20,1.943359375,2.9462890625,1.048828125,46,15
47,20,2.564453125,1.0048828125,1.048828125,47,15
48,20,2.564453125,2.9462890625,1.603515625,48,14
49,20,2.564453125,2.9462890625,1.048828125,49,12
50,69,2.943359375,4.5048828125,2.603515625,50,29
51,55,2.943359375,4.5048828125,2.603515625,51,23
52,69,1.564453125,4.5048828125,2.603515625,52,27
53,69,2.943359375,6.4462890625,2.603515625,53,29
54,69,2.943359375,4.5048828125,2.048828125,54,29
55,69,1.564453125,6.4462890625,2.048828125,55,29
56,55,2.943359375,6.4462890625,2.048828125,56,26
57,55,1.564453125,4.5048828125,2.048828125,57,23
58,55,1.564453125,6.4462890625,2.603515625,58,20
59,55,1.564453125,6.4462890625,2.048828125,59,21
60,51,1.443359375,2.7548828125,1.103515625,60,20
61,73,1.443359375,2.7548828125,1.103515625,61,34
62,51,1.064453125,2.7548828125,1.103515625,62,40
63,51,1.443359375,1.1962890625,1.103515625,63,19
64,51,1.443359375,2.7548828125,2.548828125,64,25
65,51,1.064453125,1.1962890625,2.548828125,65,39
66,73,1.443359375,1.1962890625,2.548828125,66,30
67,73,1.064453125,2.7548828125,2.548828125,67,50
68,73,1.064453125,1.1962890625,1.103515625,68,54
69,73,1.064453125,1.1962890625,2.548828125,69,51
70,16,2.443359375,6.2548828125,2.103515625,70,12
71,38,2.443359375,6.2548828125,2.103515625,71,18
72,16,2.064453125,6.2548828125,2.103515625,72,11
73,16,2.443359375,4.6962890625,2.103515625,73,10
74,16,2.443359375,6.2548828125,1.548828125,74,12
75,16,2.064453125,4.6962890625,1.548828125,75,11
76,38,2.443359375,4.6962890625,1.548828125,76,17
77,38,2.064453125,6.2548828125,1.548828125,77,19
78,38,2.064453125,4.6962890625,2.103515625,78,16
79,38,2.064453125,4.6962890625,1.548828125,79,17
80,14,1.380859375,0.3486328125,1.916015625,80,12
81,53,1.380859375,0.3486328125,1.916015625,81,22
82,14,1.501953125,0.3486328125,1.916015625,82,10
83,14,1.380859375,6.6650390625,1.916015625,83,12
84,14,1.380859375,0.3486328125,2.611328125,84,10
85,14,1.501953125,6.6650390625,2.611328125,85,12
86,53,1.380859375,6.6650390625,2.611328125,86,26
87,53,1.501953125,0.3486328125,2.611328125,87,22
88,53,1.501953125,6.6650390625,1.916015625,88,23
89,53,1.501953125,6.6650390625,2.611328125,89,24
90,49,2.380859375,3.8486328125,2.916015625,90,22
91,18,2.380859375,3.8486328125,2.916015625,91,12
92,49,2.501953125,3.8486328125,2.916015625,92,17
93,49,2.380859375,3.1650390625,2.916015625,93,21
94,49,2.380859375,3.8486328125,1.611328125,94,22
95,49,2.501953125,3.1650390625,1.611328125,95,20
96,18,2.380859375,3.1650390625,1.611328125,96,12
97,18,2.501953125,3.8486328125,1.611328125,97,13
98,18,2.501953125,3.1650390625,2.916015625,98,13
99,18,2.501953125,3.1650390625,1.611328125,99,11
100,25,1.193359375,3.6298828125,2.353515625,100,13
101,29,1.193359375,3.6298828125,2.353515625,101,15
102,25,2.814453125,3.6298828125,2.353515625,102,13
103,25,1.193359375,0.3212890625,2.353515625,103,14
104,25,1.193359375,3.6298828125,2.798828125,104,17
105,25,2.814453125,0.3212890625,2.798828125,105,14
106,29,1.193359375,0.3212890625,2.798828125,106,19
107,29,2.814453125,3.6298828125,2.798828125,107,15
108,29,2.814453125,0.3212890625,2.353515625,108,19
109,29,2.814453125,0.3212890625,2.798828125,109,15
110,60,2.193359375,0.1298828125,1.353515625,110,25
111,64,2.193359375,0.1298828125,1.353515625,111,27
112,60,1.814453125,0.1298828125,1.353515625,112,24
113,60,2.193359375,3.8212890625,1.353515625,113,26
114,60,2.193359375,0.1298828125,1.798828125,114,29
115,60,1.814453125,3.8212890625,1.798828125,115,23
116,64,2.193359375,3.8212890625,1.798828125,116,31
117,64,1.814453125,0.1298828125,1.798828125,117,29
118,64,1.814453125,3.8212890625,1.353515625,118,27
119,64,1.814453125,3.8212890625,1.798828125,119,28
120,77,1.693359375,5.3798828125,2.853515625,120,31
121,47,1.693359375,5.3798828125,2.853515625,121,21
122,77,1.314453125,5.3798828125,2.853515625,122,32
123,77,1.693359375,2.0712890625,2.853515625,123,30
124,77,1.693359375,5.3798828125,1.298828125,124,29
125,77,1.314453125,2.0712890625,1.298828125,125,33
126,47,1.693359375,2.0712890625,1.298828125,126,20
127,47,1.314453125,5.3798828125,1.298828125,127,22
128,47,1.314453125,2.0712890625,2.853515625,128,22
129,47,1.314453125,2.0712890625,1.298828125,129,25
130,42,2.693359375,1.8798828125,1.853515625,130,20
131,12,2.693359375,1.8798828125,1.853515625,131,11
132,42,2.314453125,1.8798828125,1.853515625,132,18
133,42,2.693359375,5.5712890625,1.853515625,133,23
134,42,2.693359375,1.8798828125,2.298828125,134,16
135,42,2.314453125,5.5712890625,2.298828125,135,17
136,12,2.693359375,5.5712890625,2.298828125,136,12
137,12,2.314453125,1.8798828125,2.298828125,137,12
138,12,2.314453125,5.5712890625,1.853515625,138,10
139,12,2.314453125,5.5712890625,2.298828125,139,13
140,34,1.943359375,1.0048828125,1.603515625,140,18
141,20,1.943359375,1.0048828125,1.603515625,141,13
142,34,2.564453125,1.0048828125,1.603515625,142,15
143,34,1.943359375,2.9462890625,1.603515625,143,18
144,34,1.943359375,1.0048828125,1.048828125,144,16
145,34,2.564453125,2.9462890625,1.048828125,145,18
146,20,1.943359375,2.9462890625,1.048828125,146,13
147,20,2.564453125,1.0048828125,1.048828125,147,13
148,20,2.564453125,2.9462890625,1.603515625,148,13
149,20,2.564453125,2.9462890625,1.048828125,149,12
150,69,2.943359375,4.5048828125,2.603515625,150,26
151,55,2.943359375,4.5048828125,2.603515625,151,23
152,69,1.564453125,4.5048828125,2.603515625,152,30
153,69,2.943359375,6.4462890625,2.603515625,153,30
154,69,2.943359375,4.5048828125,2.048828125,154,30
155,69,1.564453125,6.4462890625,2.048828125,155,27
156,55,2.943359375,6.4462890625,2.048828125,156,24
157,55,1.564453125,4.5048828125,2.048828125,157,24
158,55,1.564453125,6.4462890625,2.603515625,158,23
159,55,1.564453125,6.4462890625,2.048828125,159,26
160,51,1.443359375,2.7548828125,1.103515625,160,21
161,73,1.443359375,2.7548828125,1.103515625,161,34
162,51,1.064453125,2.7548828125,1.103515625,162,37
163,51,1.443359375,1.1962890625,1.103515625,163,22
164,51,1.443359375,2.7548828125,2.548828125,164,23
165,51,1.064453125,1.1962890625,2.548828125,165,36
166,73,1.443359375,1.1962890625,2.548828125,166,31
167,73,1.064453125,2.7548828125,2.548828125,167,49
168,73,1.064453125,1.1962890625,1.103515625,168,53
169,73,1.064453125,1.1962890625,2.548828125,169,51
170,16,2.443359375,6.2548828125,2.103515625,170,12
171,38,2.443359375,6.2548828125,2.103515625,171,17
172,16,2.064453125,6.2548828125,2.103515625,172,10
173,16,2.443359375,4.6962890625,2.103515625,173,13
174,16,2.443359375,6.2548828125,1.548828125,174,11
175,16,2.064453125,4.6962890625,1.548828125,175,11
176,38,2.443359375,4.6962890625,1.548828125,176,18
177,38,2.064453125,6.2548828125,1.548828125,177,20
178,38,2.064453125,4.6962890625,2.103515625,178,19
179,38,2.064453125,4.6962890625,1.548828125,179,19
180,14,1.380859375,0.3486328125,1.916015625,180,13
181,53,1.380859375,0.3486328125,1.916015625,181,24
182,14,1.501953125,0.3486328125,1.916015625,182,13
183,14,1.380859375,6.6650390625,1.916015625,183,11
184,14,1.380859375,0.3486328125,2.611328125,184,10
185,14,1.501953125,6.6650390625,2.611328125,185,11
186,53,1.380859375,6.6650390625,2.611328125,186,23
187,53,1.501953125,0.3486328125,2.611328125,187,23
188,53,1.501953125,6.6650390625,1.916015625,188,21
189,53,1.501953125,6.6650390625,2.611328125,189,21
190,49,2.380859375,3.8486328125,2.916015625,190,21
191,18,2.380859375,3.8486328125,2.916015625,191,12
192,49,2.501953125,3.8486328125,2.916015625,192,23
193,49,2.380859375,3.1650390625,2.916015625,193,20
194,49,2.380859375,3.8486328125,1.611328125,194,19
195,49,2.501953125,3.1650390625,1.611328125,195,22
196,18,2.380859375,3.1650390625,1.611328125,196,14
197,18,2.501953125,3.8486328125,1.611328125,197,10
198,18,2.501953125,3.1650390625,2.916015625,198,14
199,18,2.501953125,3.1650390625,1.611328125,199,12
200,25,1.193359375,3.6298828125,2.353515625,200,14
201,29,1.193359375,3.6298828125,2.353515625,201,16
202,25,2.814453125,3.6298828125,2.353515625,202,14
203,25,1.193359375,0.3212890625,2.353515625,203,15
204,25,1.193359375,3.6298828125,2.798828125,204,15
205,25,2.814453125,0.3212890625,2.798828125,205,13
206,29,1.193359375,0.3212890625,2.798828125,206,16
207,29,2.814453125,3.6298828125,2.798828125,207,15
208,29,2.814453125,0.3212890625,2.353515625,208,15
209,29,2.814453125,0.3212890625,2.798828125,209,18
210,60,2.193359375,0.1298828125,1.353515625,210,25
211,64,2.193359375,0.1298828125,1.353515625,211,29
212,60,1.814453125,0.1298828125,1.353515625,212,26
213,60,2.193359375,3.8212890625,1.353515625,213,23
214,60,2.193359375,0.1298828125,1.798828125,214,25
215,60,1.814453125,3.8212890625,1.798828125,215,24
216,64,2.193359375,3.8212890625,1.798828125,216,31
217,64,1.814453125,0.1298828125,1.798828125,217,25
218,64,1.814453125,3.8212890625,1.353515625,218,27
219,64,1.814453125,3.8212890625,1.798828125,219,24
220,77,1.693359375,5.3798828125,2.853515625,220,31
221,47,1.693359375,5.3798828125,2.853515625,221,21
222,77,1.314453125,5.3798828125,2.853515625,222,32
223,77,1.693359375,2.0712890625,2.853515625,223,31
224,77,1.693359375,5.3798828125,1.298828125,224,33
225,77,1.314453125,2.0712890625,1.298828125,225,33
226,47,1.693359375,2.0712890625,1.298828125,226,22
227,47,1.314453125,5.3798828125,1.298828125,227,21
228,47,1.314453125,2.0712890625,2.853515625,228,23
229,47,1.314453125,2.0712890625,1.298828125,229,24
230,42,2.693359375,1.8798828125,1.853515625,230,22
231,12,2.693359375,1.8798828125,1.853515625,231,11
232,42,2.314453125,1.8798828125,1.853515625,232,21
233,42,2.693359375,5.5712890625,1.853515625,233,21
234,42,2.693359375,1.8798828125,2.298828125,234,19
235,42,2.314453125,5.5712890625,2.298828125,235,18
236,12,2.693359375,5.5712890625,2.298828125,236,11
237,12,2.314453125,1.8798828125,2.298828125,237,10
238,12,2.314453125,5.5712890625,1.853515625,238,10
239,12,2.314453125,5.5712890625,2.298828125,239,11
240,34,1.943359375,1.0048828125,1.603515625,240,16
241,20,1.943359375,1.0048828125,1.603515625,241,14
242,34,2.564453125,1.0048828125,1.603515625,242,17
243,34,1.943359375,2.9462890625,1.603515625,243,14
244,34,1.943359375,1.0048828125,1.048828125,244,15
245,34,2.564453125,2.9462890625,1.048828125,245,16
246,20,1.943359375,2.9462890625,1.048828125,246,12
247,20,2.564453125,1.0048828125,1.048828125,247,11
248,20,2.564453125,2.9462890625,1.603515625,248,13
249,20,2.564453125,2.9462890625,1.048828125,249,13
250,69,2.943359375,4.5048828125,2.603515625,250,36
251,55,2.943359375,4.5048828125,2.603515625,251,25
252,69,1.564453125,4.5048828125,2.603515625,252,27
253,69,2.943359375,6.4462890625,2.603515625,253,26
254,69,2.943359375,4.5048828125,2.048828125,254,29
255,69,1.564453125,6.4462890625,2.048828125,255,29
256,55,2.943359375,6.4462890625,2.048828125,256,24
257,55,1.564453125,4.5048828125,2.048828125,257,21
258,55,1.564453125,6.4462890625,2.603515625,258,23
259,55,1.564453125,6.4462890625,2.048828125,259,26
260,51,1.443359375,2.7548828125,1.103515625,260,21
261,73,1.443359375,2.7548828125,1.103515625,261,31
262,51,1.064453125,2.7548828125,1.103515625,262,43
263,51,1.443359375,1.1962890625,1.103515625,263,23
264,51,1.443359375,2.7548828125,2.548828125,264,21
265,51,1.064453125,1.1962890625,2.548828125,265,39
266,73,1.443359375,1.1962890625,2.548828125,266,30
267,73,1.064453125,2.7548828125,2.548828125,267,49
268,73,1.064453125,1.1962890625,1.103515625,268,56
269,73,1.064453125,1.1962890625,2.548828125,269,51
270,16,2.443359375,6.2548828125,2.103515625,270,11
271,38,2.443359375,6.2548828125,2.103515625,271,16
272,16,2.064453125,6.2548828125,2.103515625,272,12
273,16,2.443359375,4.6962890625,2.103515625,273,12
274,16,2.443359375,6.2548828125,1.548828125,274,13
275,16,2.064453125,4.6962890625,1.548828125,275,13
276,38,2.443359375,4.6962890625,1.548828125,276,18
277,38,2.064453125,6.2548828125,1.548828125,277,17
278,38,2.064453125,4.6962890625,2.103515625,278,20
279,38,2.064453125,4.6962890625,1.548828125,279,18
280,14,1.380859375,0.3486328125,1.916015625,280,11
281,53,1.380859375,0.3486328125,1.916015625,281,23
282,14,1.501953125,0.3486328125,1.916015625,282,11
283,14,1.380859375,6.6650390625,1.916015625,283,11
284,14,1.380859375,0.3486328125,2.611328125,284,11
285,14,1.501953125,6.6650390625,2.611328125,285,11
286,53,1.380859375,6.6650390625,2.611328125,286,23
287,53,1.501953125,0.3486328125,2.611328125,287,21
288,53,1.501953125,6.6650390625,1.916015625,288,26
289,53,1.501953125,6.6650390625,2.611328125,289,23
290,49,2.380859375,3.8486328125,2.916015625,290,20
291,18,2.380859375,3.8486328125,2.916015625,291,13
292,49,2.501953125,3.8486328125,2.916015625,292,23
293,49,2.380859375,3.1650390625,2.916015625,293,20
294,49,2.380859375,3.8486328125,1.611328125,294,22
295,49,2.501953125,3.1650390625,1.611328125,295,22
296,18,2.380859375,3.1650390625,1.611328125,296,12
297,18,2.501953125,3.8486328125,1.611328125,297,13
298,18,2.501953125,3.1650390625,2.916015625,298,12
299,18,2.501953125,3.1650390625,1.611328125,299,11
300,25,1.193359375,3.6298828125,2.353515625,300,18
301,29,1.193359375,3.6298828125,2.353515625,301,17
302,25,2.814453125,3.6298828125,2.353515625,302,14
303,25,1.193359375,0.3212890625,2.353515625,303,17
304,25,1.193359375,3.6298828125,2.798828125,304,17
305,25,2.814453125,0.3212890625,2.798828125,305,13
306,29,1.193359375,0.3212890625,2.798828125,306,17
307,29,2.814453125,3.6298828125,2.798828125,307,17
308,29,2.814453125,0.3212890625,2.353515625,308,16
309,29,2.814453125,0.3212890625,2.798828125,309,15
310,60,2.193359375,0.1298828125,1.353515625,310,26
311,64,2.193359375,0.1298828125,1.353515625,311,26
312,60,1.814453125,0.1298828125,1.353515625,312,24
313,60,2.193359375,3.8212890625,1.353515625,313,26
314,60,2.193359375,0.1298828125,1.798828125,314,23
315,60,1.814453125,3.8212890625,1.798828125,315,23
316,64,2.193359375,3.8212890625,1.798828125,316,24
317,64,1.814453125,0.1298828125,1.798828125,317,25
318,64,1.814453125,3.8212890625,1.353515625,318,27
319,64,1.814453125,3.8212890625,1.798828125,319,26
320,77,1.693359375,5.3798828125,2.853515625,320,32
321,47,1.693359375,5.3798828125,2.853515625,321,20
322,77,1.314453125,5.3798828125,2.853515625,322,32
323,77,1.693359375,2.0712890625,2.853515625,323,29
324,77,1.693359375,5.3798828125,1.298828125,324,30
325,77,1.314453125,2.0712890625,1.298828125,325,32
326,47,1.693359375,2.0712890625,1.298828125,326,19
327,47,1.314453125,5.3798828125,1.298828125,327,20
328,47,1.314453125,2.0712890625,2.853515625,328,22
329,47,1.314453125,2.0712890625,1.298828125,329,22
330,42,2.693359375,1.8798828125,1.853515625,330,19
331,12,2.693359375,1.8798828125,1.853515625,331,12
332,42,2.314453125,1.8798828125,1.853515625,332,23
333,42,2.693359375,5.5712890625,1.853515625,333,19
334,42,2.693359375,1.8798828125,2.298828125,334,16
335,42,2.314453125,5.5712890625,2.298828125,335,18
336,12,2.693359375,5.5712890625,2.298828125,336,12
337,12,2.314453125,1.8798828125,2.298828125,337,10
338,12,2.314453125,5.5712890625,1.853515625,338,12
339,12,2.314453125,5.5712890625,2.298828125,339,10
340,34,1.943359375,1.0048828125,1.603515625,340,18
341,20,1.943359375,1.0048828125,1.603515625,341,14
342,34,2.564453125,1.0048828125,1.603515625,342,15
343,34,1.943359375,2.9462890625,1.603515625,343,15
344,34,1.943359375,1.0048828125,1.048828125,344,15
345,34,2.564453125,2.9462890625,1.048828125,345,14
346,20,1.943359375,2.9462890625,1.048828125,346,13
347,20,2.564453125,1.0048828125,1.048828125,347,11
348,20,2.564453125,2.9462890625,1.603515625,348,11
349,20,2.564453125,2.9462890625,1.048828125,349,12
350,69,2.943359375,4.5048828125,2.603515625,350,30
351,55,2.943359375,4.5048828125,2.603515625,351,25
352,69,1.564453125,4.5048828125,2.603515625,352,31
353,69,2.943359375,6.4462890625,2.603515625,353,32
354,69,2.943359375,4.5048828125,2.048828125,354,29
355,69,1.564453125,6.4462890625,2.048828125,355,31
356,55,2.943359375,6.4462890625,2.048828125,356,24
357,55,1.564453125,4.5048828125,2.048828125,357,23
358,55,1.564453125,6.4462890625,2.603515625,358,23
359,55,1.564453125,6.4462890625,2.048828125,359,23
360,51,1.443359375,2.7548828125,1.103515625,360,24
361,73,1.443359375,2.7548828125,1.103515625,361,31
362,51,1.064453125,2.7548828125,1.103515625,362,37
363,51,1.443359375,1.1962890625,1.103515625,363,24
364,51,1.443359375,2.7548828125,2.548828125,364,22
365,51,1.064453125,1.1962890625,2.548828125,365,39
366,73,1.443359375,1.1962890625,2.548828125,366,31
367,73,1.064453125,2.7548828125,2.548828125,367,53
368,73,1.064453125,1.1962890625,1.103515625,368,51
369,73,1.064453125,1.1962890625,2.548828125,369,56
370,16,2.443359375,6.2548828125,2.103515625,370,11
371,38,2.443359375,6.2548828125,2.103515625,371,17
372,16,2.064453125,6.2548828125,2.103515625,372,11
373,16,2.443359375,4.6962890625,2.103515625,373,11
374,16,2.443359375,6.2548828125,1.548828125,374,13
375,16,2.064453125,4.6962890625,1.548828125,375,10
376,38,2.443359375,4.6962890625,1.548828125,376,20
377,38,2.064453125,6.2548828125,1.548828125,377,17
378,38,2.064453125,4.6962890625,2.103515625,378,14
379,38,2.064453125,4.6962890625,1.548828125,379,19
380,14,1.380859375,0.3486328125,1.916015625,380,13
381,53,1.380859375,0.3486328125,1.916015625,381,23
382,14,1.501953125,0.3486328125,1.916015625,382,11
383,14,1.380859375,6.6650390625,1.916015625,383,11
384,14,1.380859375,0.3486328125,2.611328125,384,10
385,14,1.501953125,6.6650390625,2.611328125,385,10
386,53,1.380859375,6.6650390625,2.611328125,386,25
387,53,1.501953125,0.3486328125,2.611328125,387,19
388,53,1.501953125,6.6650390625,1.916015625,388,23
389,53,1.501953125,6.6650390625,2.611328125,389,22
390,49,2.380859375,3.8486328125,2.916015625,390,21
391,18,2.380859375,3.8486328125,2.916015625,391,11
392,49,2.501953125,3.8486328125,2.916015625,392,21
393,49,2.380859375,3.1650390625,2.916015625,393,24
394,49,2.380859375,3.8486328125,1.611328125,394,25
395,49,2.501953125,3.1650390625,1.611328125,395,21
396,18,2.380859375,3.1650390625,1.611328125,396,12
397,18,2.501953125,3.8486328125,1.611328125,397,11
398,18,2.501953125,3.1650390625,2.916015625,398,11
399,18,2.501953125,3.1650390625,1.611328125,399,13
400,25,1.193359375,3.6298828125,2.353515625,400,15
401,29,1.193359375,3.6298828125,2.353515625,401,17
402,25,2.814453125,3.6298828125,2.353515625,402,15
403,25,1.193359375,0.3212890625,2.353515625,403,15
404,25,1.193359375,3.6298828125,2.798828125,404,16
405,25,2.814453125,0.3212890625,2.798828125,405,14
406,29,1.193359375,0.3212890625,2.798828125,406,19
407,29,2.814453125,3.6298828125,2.798828125,407,13
408,29,2.814453125,0.3212890625,2.353515625,408,13
409,29,2.814453125,0.3212890625,2.798828125,409,13
410,60,2.193359375,0.1298828125,1.353515625,410,18
411,64,2.193359375,0.1298828125,1.353515625,411,26
412,60,1.814453125,0.1298828125,1.353515625,412,23
413,60,2.193359375,3.8212890625,1.353515625,413,27
414,60,2.193359375,0.1298828125,1.798828125,414,27
415,60,1.814453125,3.8212890625,1.798828125,415,25
416,64,2.193359375,3.8212890625,1.798828125,416,25
417,64,1.814453125,0.1298828125,1.798828125,417,24
418,64,1.814453125,3.8212890625,1.353515625,418,25
419,64,1.814453125,3.8212890625,1.798828125,419,27
420,77,1.693359375,5.3798828125,2.853515625,420,32
421,47,1.693359375,5.3798828125,2.853515625,421,20
422,77,1.314453125,5.3798828125,2.853515625,422,34
423,77,1.693359375,2.0712890625,2.853515625,423,27
424,77,1.693359375,5.3798828125,1.298828125,424,33
425,77,1.314453125,2.0712890625,1.298828125,425,32
426,47,1.693359375,2.0712890625,1.298828125,426,21
427,47,1.314453125,5.3798828125,1.298828125,427,24
428,47,1.314453125,2.0712890625,2.853515625,428,23
429,47,1.314453125,2.0712890625,1.298828125,429,22
430,42,2.693359375,1.8798828125,1.853515625,430,21
431,12,2.693359375,1.8798828125,1.853515625,431,14
432,42,2.314453125,1.8798828125,1.853515625,432,21
433,42,2.693359375,5.5712890625,1.853515625,433,20
434,42,2.693359375,1.8798828125,2.298828125,434,18
435,42,2.314453125,5.5712890625,2.298828125,435,16
436,12,2.693359375,5.5712890625,2.298828125,436,11
437,12,2.314453125,1.8798828125,2.298828125,437,10
438,12,2.314453125,5.5712890625,1.853515625,438,11
439,12,2.314453125,5.5712890625,2.298828125,439,12
440,34,1.943359375,1.0048828125,1.603515625,440,16
441,20,1.943359375,1.0048828125,1.603515625,441,15
442,34,2.564453125,1.0048828125,1.603515625,442,17
443,34,1.943359375,2.9462890625,1.603515625,443,16
444,34,1.943359375,1.0048828125,1.048828125,444,16
445,34,2.564453125,2.9462890625,1.048828125,445,16
446,20,1.943359375,2.9462890625,1.048828125,446,13
447,20,2.564453125,1.0048828125,1.048828125,447,12
448,20,2.564453125,2.9462890625,1.603515625,448,11
449,20,2.564453125,2.9462890625,1.048828125,449,15
450,69,2.943359375,4.5048828125,2.603515625,450,28
451,55,2.943359375,4.5048828125,2.603515625,451,24
452,69,1.564453125,4.5048828125,2.603515625,452,30
453,69,2.943359375,6.4462890625,2.603515625,453,29
454,69,2.943359375,4.5048828125,2.048828125,454,26
455,69,1.564453125,6.4462890625,2.048828125,455,31
456,55,2.943359375,6.4462890625,2.048828125,456,27
457,55,1.564453125,4.5048828125,2.048828125,457,22
458,55,1.564453125,6.4462890625,2.603515625,458,22
459,55,1.564453125,6.4462890625,2.048828125,459,23
460,51,1.443359375,2.7548828125,1.103515625,460,24
461,73,1.443359375,2.7548828125,1.103515625,461,29
462,51,1.064453125,2.7548828125,1.103515625,462,38
463,51,1.443359375,1.1962890625,1.103515625,463,19
464,51,1.443359375,2.7548828125,2.548828125,464,23
465,51,1.064453125,1.1962890625,2.548828125,465,40
466,73,1.443359375,1.1962890625,2.548828125,466,31
467,73,1.064453125,2.7548828125,2.548828125,467,52
468,73,1.064453125,1.1962890625,1.103515625,468,52
469,73,1.064453125,1.1962890625,2.548828125,469,53
470,16,2.443359375,6.2548828125,2.103515625,470,12
471,38,2.443359375,6.2548828125,2.103515625,471,16
472,16,2.064453125,6.2548828125,2.103515625,472,11
473,16,2.443359375,4.6962890625,2.103515625,473,12
474,16,2.443359375,6.2548828125,1.548828125,474,12
475,16,2.064453125,4.6962890625,1.548828125,475,14
476,38,2.443359375,4.6962890625,1.548828125,476,15
477,38,2.064453125,6.2548828125,1.548828125,477,18
478,38,2.064453125,4.6962890625,2.103515625,478,18
479,38,2.064453125,4.6962890625,1.548828125,479,18
480,14,1.380859375,0.3486328125,1.916015625,480,11
481,53,1.380859375,0.3486328125,1.916015625,481,20
482,14,1.501953125,0.3486328125,1.916015625,482,11
483,14,1.380859375,6.6650390625,1.916015625,483,10
484,14,1.380859375,0.3486328125,2.611328125,484,10
485,14,1.501953125,6.6650390625,2.611328125,485,11
486,53,1.380859375,6.6650390625,2.611328125,486,22
487,53,1.501953125,0.3486328125,2.611328125,487,25
488,53,1.501953125,6.6650390625,1.916015625,488,21
489,53,1.501953125,6.6650390625,2.611328125,489,22
490,49,2.380859375,3.8486328125,2.916015625,490,22
491,18,2.380859375,3.8486328125,2.916015625,491,11
492,49,2.501953125,3.8486328125,2.916015625,492,24
493,49,2.380859375,3.1650390625,2.916015625,493,22
494,49,2.380859375,3.8486328125,1.611328125,494,21
495,49,2.501953125,3.1650390625,1.611328125,495,24
496,18,2.380859375,3.1650390625,1.611328125,496,11
497,18,2.501953125,3.8486328125,1.611328125,497,10
498,18,2.501953125,3.1650390625,2.916015625,498,11
499,18,2.501953125,3.1650390625,1.611328125,499,12
500,25,1.193359375,3.6298828125,2.353515625,500,17
501,29,1.193359375,3.6298828125,2.353515625,501,19
502,25,2.814453125,3.6298828125,2.353515625,502,14
503,25,1.193359375,0.3212890625,2.353515625,503,17
504,25,1.193359375,3.6298828125,2.798828125,504,17
505,25,2.814453125,0.3212890625,2.798828125,505,15
506,29,1.193359375,0.3212890625,2.798828125,506,15
507,29,2.814453125,3.6298828125,2.798828125,507,15
508,29,2.814453125,0.3212890625,2.353515625,508,15
509,29,2.814453125,0.3212890625,2.798828125,509,17
510,60,2.193359375,0.1298828125,1.353515625,510,24
511,64,2.193359375,0.1298828125,1.353515625,511,28
512,60,1.814453125,0.1298828125,1.353515625,512,25
513,60,2.193359375,3.8212890625,1.353515625,513,22
514,60,2.193359375,0.1298828125,1.798828125,514,25
515,60,1.814453125,3.8212890625,1.798828125,515,25
516,64,2.193359375,3.8212890625,1.798828125,516,28
517,64,1.814453125,0.1298828125,1.798828125,517,27
518,64,1.814453125,3.8212890625,1.353515625,518,28
519,64,1.814453125,3.8212890625,1.798828125,519,29
520,77,1.693359375,5.3798828125,2.853515625,520,28
521,47,1.693359375,5.3798828125,2.853515625,521,22
522,77,1.314453125,5.3798828125,2.853515625,522,31
523,77,1.693359375,2.0712890625,2.853515625,523,30
524,77,1.693359375,5.3798828125,1.298828125,524,31
525,77,1.314453125,2.0712890625,1.298828125,525,29
526,47,1.693359375,2.0712890625,1.298828125,526,16
527,47,1.314453125,5.3798828125,1.298828125,527,21
528,47,1.314453125,2.0712890625,2.853515625,528,25
529,47,1.314453125,2.0712890625,1.298828125,529,22
530,42,2.693359375,1.8798828125,1.853515625,530,19
531,12,2.693359375,1.8798828125,1.853515625,531,11
532,42,2.314453125,1.8798828125,1.853515625,532,22
533,42,2.693359375,5.5712890625,1.853515625,533,17
534,42,2.693359375,1.8798828125,2.298828125,534,20
535,42,2.314453125,5.5712890625,2.298828125,535,21
536,12,2.693359375,5.5712890625,2.298828125,536,12
537,12,2.314453125,1.8798828125,2.298828125,537,10
538,12,2.314453125,5.5712890625,1.853515625,538,11
539,12,2.314453125,5.5712890625,2.298828125,539,13
540,34,1.943359375,1.0048828125,1.603515625,540,17
541,20,1.943359375,1.0048828125,1.603515625,541,12
542,34,2.564453125,1.0048828125,1.603515625,542,22
543,34,1.943359375,2.9462890625,1.603515625,543,16
544,34,1.943359375,1.0048828125,1.048828125,544,18
545,34,2.564453125,2.9462890625,1.048828125,545,18
546,20,1.943359375,2.9462890625,1.048828125,546,11
547,20,2.564453125,1.0048828125,1.048828125,547,12
548,20,2.564453125,2.9462890625,1.603515625,548,13
549,20,2.564453125,2.9462890625,1.048828125,549,12
550,69,2.943359375,4.5048828125,2.603515625,550,30
551,55,2.943359375,4.5048828125,2.603515625,551,22
552,69,1.564453125,4.5048828125,2.603515625,552,29
553,69,2.943359375,6.4462890625,2.603515625,553,31
554,69,2.943359375,4.5048828125,2.048828125,554,30
555,69,1.564453125,6.4462890625,2.048828125,555,27
556,55,2.943359375,6.4462890625,2.048828125,556,27
557,55,1.564453125,4.5048828125,2.048828125,557,25
558,55,1.564453125,6.4462890625,2.603515625,558,21
559,55,1.564453125,6.4462890625,2.048828125,559,24
560,51,1.443359375,2.7548828125,1.103515625,560,25
561,73,1.443359375,2.7548828125,1.103515625,561,27
562,51,1.064453125,2.7548828125,1.103515625,562,41
563,51,1.443359375,1.1962890625,1.103515625,563,19
564,51,1.443359375,2.7548828125,2.548828125,564,23
565,51,1.064453125,1.1962890625,2.548828125,565,37
566,73,1.443359375,1.1962890625,2.548828125,566,32
567,73,1.064453125,2.7548828125,2.548828125,567,49
568,73,1.064453125,1.1962890625,1.103515625,568,51
569,73,1.064453125,1.1962890625,2.548828125,569,52
570,16,2.443359375,6.2548828125,2.103515625,570,13
571,38,2.443359375,6.2548828125,2.103515625,571,18
572,16,2.064453125,6.2548828125,2.103515625,572,12
573,16,2.443359375,4.6962890625,2.103515625,573,14
574,16,2.443359375,6.2548828125,1.548828125,574,12
575,16,2.064453125,4.6962890625,1.548828125,575,12
576,38,2.443359375,4.6962890625,1.548828125,576,14
577,38,2.064453125,6.2548828125,1.548828125,577,18
578,38,2.064453125,4.6962890625,2.103515625,578,18
579,38,2.064453125,4.6962890625,1.548828125,579,21
580,14,1.380859375,0.3486328125,1.916015625,580,11
581,53,1.380859375,0.3486328125,1.916015625,581,22
582,14,1.501953125,0.3486328125,1.916015625,582,13
583,14,1.380859375,6.6650390625,1.916015625,583,13
584,14,1.380859375,0.3486328125,2.611328125,584,11
585,14,1.501953125,6.6650390625,2.611328125,585,11
586,53,1.380859375,6.6650390625,2.611328125,586,23
587,53,1.501953125,0.3486328125,2.611328125,587,24
588,53,1.501953125,6.6650390625,1.916015625,588,20
589,53,1.501953125,6.6650390625,2.611328125,589,23
590,49,2.380859375,3.8486328125,2.916015625,590,23
591,18,2.380859375,3.8486328125,2.916015625,591,12
592,49,2.501953125,3.8486328125,2.916015625,592,23
593,49,2.380859375,3.1650390625,2.916015625,593,20
594,49,2.380859375,3.8486328125,1.611328125,594,21
595,49,2.501953125,3.1650390625,1.611328125,595,24
596,18,2.380859375,3.1650390625,1.611328125,596,12
597,18,2.501953125,3.8486328125,1.611328125,597,13
598,18,2.501953125,3.1650390625,2.916015625,598,11
599,18,2.501953125,3.1650390625,1.611328125,599,12
600,25,1.193359375,3.6298828125,2.353515625,600,18
601,29,1.193359375,3.6298828125,2.353515625,601,18
602,25,2.814453125,3.6298828125,2.353515625,602,17
603,25,1.193359375,0.3212890625,2.353515625,603,17
604,25,1.193359375,3.6298828125,2.798828125,604,16
605,25,2.814453125,0.3212890625,2.798828125,605,12
606,29,1.193359375,0.3212890625,2.798828125,606,18
607,29,2.814453125,3.6298828125,2.798828125,607,16
608,29,2.814453125,0.3212890625,2.353515625,608,15
609,29,2.814453125,0.3212890625,2.798828125,609,17
610,60,2.193359375,0.1298828125,1.353515625,610,26
611,64,2.193359375,0.1298828125,1.353515625,611,28
612,60,1.814453125,0.1298828125,1.353515625,612,27
613,60,2.193359375,3.8212890625,1.353515625,613,25
614,60,2.193359375,0.1298828125,1.798828125,614,23
615,60,1.814453125,3.8212890625,1.798828125,615,23
616,64,2.193359375,3.8212890625,1.798828125,616,26
617,64,1.814453125,0.1298828125,1.798828125,617,25
618,64,1.814453125,3.8212890625,1.353515625,618,29
619,64,1.814453125,3.8212890625,1.798828125,619,25
620,77,1.693359375,5.3798828125,2.853515625,620,30
621,47,1.693359375,5.3798828125,2.853515625,621,20
622,77,1.314453125,5.3798828125,2.853515625,622,31
623,77,1.693359375,2.0712890625,2.853515625,623,35
624,77,1.693359375,5.3798828125,1.298828125,624,30
625,77,1.314453125,2.0712890625,1.298828125,625,35
626,47,1.693359375,2.0712890625,1.298828125,626,21
627,47,1.314453125,5.3798828125,1.298828125,627,21
628,47,1.314453125,2.0712890625,2.853515625,628,21
629,47,1.314453125,2.0712890625,1.298828125,629,24
630,42,2.693359375,1.8798828125,1.853515625,630,20
631,12,2.693359375,1.8798828125,1.853515625,631,11
632,42,2.314453125,1.8798828125,1.853515625,632,21
633,42,2.693359375,5.5712890625,1.853515625,633,19
634,42,2.693359375,1.8798828125,2.298828125,634,20
635,42,2.314453125,5.5712890625,2.298828125,635,22
636,12,2.693359375,5.5712890625,2.298828125,636,10
637,12,2.314453125,1.8798828125,2.298828125,637,11
638,12,2.314453125,5.5712890625,1.853515625,638,10
639,12,2.314453125,5.5712890625,2.298828125,639,11
640,34,1.943359375,1.0048828125,1.603515625,640,17
641,20,1.943359375,1.0048828125,1.603515625,641,11
642,34,2.564453125,1.0048828125,1.603515625,642,14
643,34,1.943359375,2.9462890625,1.603515625,643,18
644,34,1.943359375,1.0048828125,1.048828125,644,15
645,34,2.564453125,2.9462890625,1.048828125,645,18
646,20,1.943359375,2.9462890625,1.048828125,646,13
647,20,2.564453125,1.0048828125,1.048828125,647,14
648,20,2.564453125,2.9462890625,1.603515625,648,13
649,20,2.564453125,2.9462890625,1.048828125,649,12
650,69,2.943359375,4.5048828125,2.603515625,650,29
651,55,2.943359375,4.5048828125,2.603515625,651,20
652,69,1.564453125,4.5048828125,2.603515625,652,28
653,69,2.943359375,6.4462890625,2.603515625,653,30
654,69,2.943359375,4.5048828125,2.048828125,654,29
655,69,1.564453125,6.4462890625,2.048828125,655,28
656,55,2.943359375,6.4462890625,2.048828125,656,28
657,55,1.564453125,4.5048828125,2.048828125,657,26
658,55,1.564453125,6.4462890625,2.603515625,658,24
659,55,1.564453125,6.4462890625,2.048828125,659,25
660,51,1.443359375,2.7548828125,1.103515625,660,24
661,73,1.443359375,2.7548828125,1.103515625,661,30
662,51,1.064453125,2.7548828125,1.103515625,662,41
663,51,1.443359375,1.1962890625,1.103515625,663,27
664,51,1.443359375,2.7548828125,2.548828125,664,22
665,51,1.064453125,1.1962890625,2.548828125,665,38
666,73,1.443359375,1.1962890625,2.548828125,666,30
667,73,1.064453125,2.7548828125,2.548828125,667,54
668,73,1.064453125,1.1962890625,1.103515625,668,55
669,73,1.064453125,1.1962890625,2.548828125,669,54
670,16,2.443359375,6.2548828125,2.103515625,670,12
671,38,2.443359375,6.2548828125,2.103515625,671,17
672,16,2.064453125,6.2548828125,2.103515625,672,14
673,16,2.443359375,4.6962890625,2.103515625,673,11
674,16,2.443359375,6.2548828125,1.548828125,674,13
675,16,2.064453125,4.6962890625,1.548828125,675,11
676,38,2.443359375,4.6962890625,1.548828125,676,19
677,38,2.064453125,6.2548828125,1.548828125,677,19
678,38,2.064453125,4.6962890625,2.103515625,678,17
679,38,2.064453125,4.6962890625,1.548828125,679,15
680,14,1.380859375,0.3486328125,1.916015625,680,10
681,53,1.380859375,0.3486328125,1.916015625,681,23
682,14,1.501953125,0.3486328125,1.916015625,682,11
683,14,1.380859375,6.6650390625,1.916015625,683,11
684,14,1.380859375,0.3486328125,2.611328125,684,10
685,14,1.501953125,6.6650390625,2.611328125,685,12
686,53,1.380859375,6.6650390625,2.611328125,686,23
687,53,1.501953125,0.3486328125,2.611328125,687,23
688,53,1.501953125,6.6650390625,1.916015625,688,20
689,53,1.501953125,6.6650390625,2.611328125,689,23
690,49,2.380859375,3.8486328125,2.916015625,690,23
691,18,2.380859375,3.8486328125,2.916015625,691,11
692,49,2.501953125,3.8486328125,2.916015625,692,27
693,49,2.380859375,3.1650390625,2.916015625,693,20
694,49,2.380859375,3.8486328125,1.611328125,694,22
695,49,2.501953125,3.1650390625,1.611328125,695,19
696,18,2.380859375,3.1650390625,1.611328125,696,12
697,18,2.501953125,3.8486328125,1.611328125,697,12
698,18,2.501953125,3.1650390625,2.916015625,698,12
699,18,2.501953125,3.1650390625,1.611328125,699,13
700,25,1.193359375,3.6298828125,2.353515625,700,17
701,29,1.193359375,3.6298828125,2.353515625,701,16
702,25,2.814453125,3.6298828125,2.353515625,702,13
703,25,1.193359375,0.3212890625,2.353515625,703,16
704,25,1.193359375,3.6298828125,2.798828125,704,18
705,25,2.814453125,0.3212890625,2.798828125,705,13
706,29,1.193359375,0.3212890625,2.798828125,706,15
707,29,2.814453125,3.6298828125,2.798828125,707,14
708,29,2.814453125,0.3212890625,2.353515625,708,14
709,29,2.814453125,0.3212890625,2.798828125,709,17
710,60,2.193359375,0.1298828125,1.353515625,710,24
711,64,2.193359375,0.1298828125,1.353515625,711,26
712,60,1.814453125,0.1298828125,1.353515625,712,25
713,60,2.193359375,3.8212890625,1.353515625,713,24
714,60,2.193359375,0.1298828125,1.798828125,714,27
715,60,1.814453125,3.8212890625,1.798828125,715,26
716,64,2.193359375,3.8212890625,1.798828125,716,28
717,64,1.814453125,0.1298828125,1.798828125,717,25
718,64,1.814453125,3.8212890625,1.353515625,718,26
719,64,1.814453125,3.8212890625,1.798828125,719,27
720,77,1.693359375,5.3798828125,2.853515625,720,28
721,47,1.693359375,5.3798828125,2.853515625,721,18
722,77,1.314453125,5.3798828125,2.853515625,722,35
723,77,1.693359375,2.0712890625,2.853515625,723,29
724,77,1.693359375,5.3798828125,1.298828125,724,34
725,77,1.314453125,2.0712890625,1.298828125,725,34
726,47,1.693359375,2.0712890625,1.298828125,726,19
727,47,1.314453125,5.3798828125,1.298828125,727,22
728,47,1.314453125,2.0712890625,2.853515625,728,22
729,47,1.314453125,2.0712890625,1.298828125,729,22
730,42,2.693359375,1.8798828125,1.853515625,730,20
731,12,2.693359375,1.8798828125,1.853515625,731,10
732,42,2.314453125,1.8798828125,1.853515625,732,22
733,42,2.693359375,5.5712890625,1.853515625,733,21
734,42,2.693359375,1.8798828125,2.298828125,734,20
735,42,2.314453125,5.5712890625,2.298828125,735,18
736,12,2.693359375,5.5712890625,2.298828125,736,11
737,12,2.314453125,1.8798828125,2.298828125,737,11
738,12,2.314453125,5.5712890625,1.853515625,738,10
739,12,2.314453125,5.5712890625,2.298828125,739,10
740,34,1.943359375,1.0048828125,1.603515625,740,17
741,20,1.943359375,1.0048828125,1.603515625,741,11
742,34,2.564453125,1.0048828125,1.603515625,742,18
743,34,1.943359375,2.9462890625,1.603515625,743,15
744,34,1.943359375,1.0048828125,1.048828125,744,16
745,34,2.564453125,2.9462890625,1.048828125,745,15
746,20,1.943359375,2.9462890625,1.048828125,746,12
747,20,2.564453125,1.0048828125,1.048828125,747,15
748,20,2.564453125,2.9462890625,1.603515625,748,14
749,20,2.564453125,2.9462890625,1.048828125,749,12
750,69,2.943359375,4.5048828125,2.603515625,750,30
751,55,2.943359375,4.5048828125,2.603515625,751,24
752,69,1.564453125,4.5048828125,2.603515625,752,29
753,69,2.943359375,6.4462890625,2.603515625,753,30
754,69,2.943359375,4.5048828125,2.048828125,754,30
755,69,1.564453125,6.4462890625,2.048828125,755,28
756,55,2.943359375,6.4462890625,2.048828125,756,30
757,55,1.564453125,4.5048828125,2.048828125,757,23
758,55,1.564453125,6.4462890625,2.603515625,758,23
759,55,1.564453125,6.4462890625,2.048828125,759,23
760,51,1.443359375,2.7548828125,1.103515625,760,21
761,73,1.443359375,2.7548828125,1.103515625,761,31
762,51,1.064453125,2.7548828125,1.103515625,762,36
763,51,1.443359375,1.1962890625,1.103515625,763,26
764,51,1.443359375,2.7548828125,2.548828125,764,20
765,51,1.064453125,1.1962890625,2.548828125,765,38
766,73,1.443359375,1.1962890625,2.548828125,766,31
767,73,1.064453125,2.7548828125,2.548828125,767,53
768,73,1.064453125,1.1962890625,1.103515625,768,53
769,73,1.064453125,1.1962890625,2.548828125,769,51
770,16,2.443359375,6.2548828125,2.103515625,770,14
771,38,2.443359375,6.2548828125,2.103515625,771,16
772,16,2.064453125,6.2548828125,2.103515625,772,13
773,16,2.443359375,4.6962890625,2.103515625,773,12
774,16,2.443359375,6.2548828125,1.548828125,774,12
775,16,2.064453125,4.6962890625,1.548828125,775,13
776,38,2.443359375,4.6962890625,1.548828125,776,21
777,38,2.064453125,6.2548828125,1.548828125,777,22
778,38,2.064453125,4.6962890625,2.103515625,778,20
779,38,2.064453125,4.6962890625,1.548828125,779,17
780,14,1.380859375,0.3486328125,1.916015625,780,12
781,53,1.380859375,0.3486328125,1.916015625,781,20
782,14,1.501953125,0.3486328125,1.916015625,782,11
783,14,1.380859375,6.6650390625,1.916015625,783,11
784,14,1.380859375,0.3486328125,2.611328125,784,11
785,14,1.501953125,6.6650390625,2.611328125,785,12
786,53,1.380859375,6.6650390625,2.611328125,786,24
787,53,1.501953125,0.3486328125,2.611328125,787,21
788,53,1.501953125,6.6650390625,1.916015625,788,20
789,53,1.501953125,6.6650390625,2.611328125,789,23
790,49,2.380859375,3.8486328125,2.916015625,790,22
791,18,2.380859375,3.8486328125,2.916015625,791,12
792,49,2.501953125,3.8486328125,2.916015625,792,17
793,49,2.380859375,3.1650390625,2.916015625,793,21
794,49,2.380859375,3.8486328125,1.611328125,794,22
795,49,2.501953125,3.1650390625,1.611328125,795,22
796,18,2.380859375,3.1650390625,1.611328125,796,13
797,18,2.501953125,3.8486328125,1.611328125,797,12
798,18,2.501953125,3.1650390625,2.916015625,798,14
799,18,2.501953125,3.1650390625,1.611328125,799,11
800,25,1.193359375,3.6298828125,2.353515625,800,17
801,29,1.193359375,3.6298828125,2.353515625,801,16
802,25,2.814453125,3.6298828125,2.353515625,802,15
803,25,1.193359375,0.3212890625,2.353515625,803,14
804,25,1.193359375,3.6298828125,2.798828125,804,14
805,25,2.814453125,0.3212890625,2.798828125,805,14
806,29,1.193359375,0.3212890625,2.798828125,806,16
807,29,2.814453125,3.6298828125,2.798828125,807,16
808,29,2.814453125,0.3212890625,2.353515625,808,16
809,29,2.814453125,0.3212890625,2.798828125,809,15
810,60,2.193359375,0.1298828125,1.353515625,810,23
811,64,2.193359375,0.1298828125,1.353515625,811,28
812,60,1.814453125,0.1298828125,1.353515625,812,24
813,60,2.193359375,3.8212890625,1.353515625,813,24
814,60,2.193359375,0.1298828125,1.798828125,814,23
815,60,1.814453125,3.8212890625,1.798828125,815,27
816,64,2.193359375,3.8212890625,1.798828125,816,28
817,64,1.814453125,0.1298828125,1.798828125,817,24
818,64,1.814453125,3.8212890625,1.353515625,818,28
819,64,1.814453125,3.8212890625,1.798828125,819,27
820,77,1.693359375,5.3798828125,2.853515625,820,31
821,47,1.693359375,5.3798828125,2.853515625,821,22
822,77,1.314453125,5.3798828125,2.853515625,822,33
823,77,1.693359375,2.0712890625,2.853515625,823,29
824,77,1.693359375,5.3798828125,1.298828125,824,33
825,77,1.314453125,2.0712890625,1.298828125,825,34
826,47,1.693359375,2.0712890625,1.298828125,826,22
827,47,1.314453125,5.3798828125,1.298828125,827,20
828,47,1.314453125,2.0712890625,2.853515625,828,22
829,47,1.314453125,2.0712890625,1.298828125,829,24
830,42,2.693359375,1.8798828125,1.853515625,830,21
831,12,2.693359375,1.8798828125,1.853515625,831,10
832,42,2.314453125,1.8798828125,1.853515625,832,19
833,42,2.693359375,5.5712890625,1.853515625,833,17
834,42,2.693359375,1.8798828125,2.298828125,834,23
835,42,2.314453125,5.5712890625,2.298828125,835,16
836,12,2.693359375,5.5712890625,2.298828125,836,11
837,12,2.314453125,1.8798828125,2.298828125,837,11
838,12,2.314453125,5.5712890625,1.853515625,838,12
839,12,2.314453125,5.5712890625,2.298828125,839,10
840,34,1.943359375,1.0048828125,1.603515625,840,18
841,20,1.943359375,1.0048828125,1.603515625,841,12
842,34,2.564453125,1.0048828125,1.603515625,842,13
843,34,1.943359375,2.9462890625,1.603515625,843,18
844,34,1.943359375,1.0048828125,1.048828125,844,15
845,34,2.564453125,2.9462890625,1.048828125,845,19
846,20,1.943359375,2.9462890625,1.048828125,846,11
847,20,2.564453125,1.0048828125,1.048828125,847,12
848,20,2.564453125,2.9462890625,1.603515625,848,13
849,20,2.564453125,2.9462890625,1.048828125,849,12
850,69,2.943359375,4.5048828125,2.603515625,850,30
851,55,2.943359375,4.5048828125,2.603515625,851,24
852,69,1.564453125,4.5048828125,2.603515625,852,28
853,69,2.943359375,6.4462890625,2.603515625,853,29
854,69,2.943359375,4.5048828125,2.048828125,854,28
855,69,1.564453125,6.4462890625,2.048828125,855,29
856,55,2.943359375,6.4462890625,2.048828125,856,24
857,55,1.564453125,4.5048828125,2.048828125,857,24
858,55,1.564453125,6.4462890625,2.603515625,858,22
859,55,1.564453125,6.4462890625,2.048828125,859,26
860,51,1.443359375,2.7548828125,1.103515625,860,22
861,73,1.443359375,2.7548828125,1.103515625,861,31
862,51,1.064453125,2.7548828125,1.103515625,862,41
863,51,1.443359375,1.1962890625,1.103515625,863,23
864,51,1.443359375,2.7548828125,2.548828125,864,22
865,51,1.064453125,1.1962890625,2.548828125,865,39
866,73,1.443359375,1.1962890625,2.548828125,866,30
867,73,1.064453125,2.7548828125,2.548828125,867,52
868,73,1.064453125,1.1962890625,1.103515625,868,52
869,73,1.064453125,1.1962890625,2.548828125,869,54
870,16,2.443359375,6.2548828125,2.103515625,870,10
871,38,2.443359375,6.2548828125,2.103515625,871,16
872,16,2.064453125,6.2548828125,2.103515625,872,12
873,16,2.443359375,4.6962890625,2.103515625,873,11
874,16,2.443359375,6.2548828125,1.548828125,874,15
875,16,2.064453125,4.6962890625,1.548828125,875,11
876,38,2.443359375,4.6962890625,1.548828125,876,15
877,38,2.064453125,6.2548828125,1.548828125,877,18
878,38,2.064453125,4.6962890625,2.103515625,878,16
879,38,2.064453125,4.6962890625,1.548828125,879,16
880,14,1.380859375,0.3486328125,1.916015625,880,12
881,53,1.380859375,0.3486328125,1.916015625,881,23
882,14,1.501953125,0.3486328125,1.916015625,882,13
883,14,1.380859375,6.6650390625,1.916015625,883,11
884,14,1.380859375,0.3486328125,2.611328125,884,12
885,14,1.501953125,6.6650390625,2.611328125,885,11
886,53,1.380859375,6.6650390625,2.611328125,886,22
887,53,1.501953125,0.3486328125,2.611328125,887,27
888,53,1.501953125,6.6650390625,1.916015625,888,24
889,53,1.501953125,6.6650390625,2.611328125,889,22
890,49,2.380859375,3.8486328125,2.916015625,890,21
891,18,2.380859375,3.8486328125,2.916015625,891,13
892,49,2.501953125,3.8486328125,2.916015625,892,23
893,49,2.380859375,3.1650390625,2.916015625,893,21
894,49,2.380859375,3.8486328125,1.611328125,894,25
895,49,2.501953125,3.1650390625,1.611328125,895,24
896,18,2.380859375,3.1650390625,1.611328125,896,12
897,18,2.501953125,3.8486328125,1.611328125,897,12
898,18,2.501953125,3.1650390625,2.916015625,898,12
899,18,2.501953125,3.1650390625,1.611328125,899,11
900,25,1.193359375,3.6298828125,2.353515625,900,18
901,29,1.193359375,3.6298828125,2.353515625,901,16
902,25,2.814453125,3.6298828125,2.353515625,902,16
903,25,1.193359375,0.3212890625,2.353515625,903,14
904,25,1.193359375,3.6298828125,2.798828125,904,16
905,25,2.814453125,0.3212890625,2.798828125,905,16
906,29,1.193359375,0.3212890625,2.798828125,906,18
907,29,2.814453125,3.6298828125,2.798828125,907,15
908,29,2.814453125,0.3212890625,2.353515625,908,15
909,29,2.814453125,0.3212890625,2.798828125,909,15
910,60,2.193359375,0.1298828125,1.353515625,910,22
911,64,2.193359375,0.1298828125,1.353515625,911,24
912,60,1.814453125,0.1298828125,1.353515625,912,24
913,60,2.193359375,3.8212890625,1.353515625,913,25
914,60,2.193359375,0.1298828125,1.798828125,914,25
915,60,1.814453125,3.8212890625,1.798828125,915,23
916,64,2.193359375,3.8212890625,1.798828125,916,23
917,64,1.814453125,0.1298828125,1.798828125,917,27
918,64,1.814453125,3.8212890625,1.353515625,918,25
919,64,1.814453125,3.8212890625,1.798828125,919,26
920,77,1.693359375,5.3798828125,2.853515625,920,35
921,47,1.693359375,5.3798828125,2.853515625,921,20
922,77,1.314453125,5.3798828125,2.853515625,922,35
923,77,1.693359375,2.0712890625,2.853515625,923,28
924,77,1.693359375,5.3798828125,1.298828125,924,33
925,77,1.314453125,2.0712890625,1.298828125,925,34
926,47,1.693359375,2.0712890625,1.298828125,926,20
927,47,1.314453125,5.3798828125,1.298828125,927,21
928,47,1.314453125,2.0712890625,2.853515625,928,22
929,47,1.314453125,2.0712890625,1.298828125,929,22
930,42,2.693359375,1.8798828125,1.853515625,930,19
931,12,2.693359375,1.8798828125,1.853515625,931,13
932,42,2.314453125,1.8798828125,1.853515625,932,21
933,42,2.693359375,5.5712890625,1.853515625,933,18
934,42,2.693359375,1.8798828125,2.298828125,934,20
935,42,2.314453125,5.5712890625,2.298828125,935,16
936,12,2.693359375,5.5712890625,2.298828125,936,12
937,12,2.314453125,1.8798828125,2.298828125,937,10
938,12,2.314453125,5.5712890625,1.853515625,938,11
939,12,2.314453125,5.5712890625,2.298828125,939,11
940,34,1.943359375,1.0048828125,1.603515625,940,15
941,20,1.943359375,1.0048828125,1.603515625,941,12
942,34,2.564453125,1.0048828125,1.603515625,942,16
943,34,1.943359375,2.9462890625,1.603515625,943,16
944,34,1.943359375,1.0048828125,1.048828125,944,19
945,34,2.564453125,2.9462890625,1.048828125,945,15
946,20,1.943359375,2.9462890625,1.048828125,946,12
947,20,2.564453125,1.0048828125,1.048828125,947,12
948,20,2.564453125,2.9462890625,1.603515625,948,11
949,20,2.564453125,2.9462890625,1.048828125,949,12
950,69,2.943359375,4.5048828125,2.603515625,950,28
951,55,2.943359375,4.5048828125,2.603515625,951,27
952,69,1.564453125,4.5048828125,2.603515625,952,29
953,69,2.943359375,6.4462890625,2.603515625,953,28
954,69,2.943359375,4.5048828125,2.048828125,954,28
955,69,1.564453125,6.4462890625,2.048828125,955,30
956,55,2.943359375,6.4462890625,2.048828125,956,26
957,55,1.564453125,4.5048828125,2.048828125,957,24
958,55,1.564453125,6.4462890625,2.603515625,958,25
959,55,1.564453125,6.4462890625,2.048828125,959,24
960,51,1.443359375,2.7548828125,1.103515625,960,23
961,73,1.443359375,2.7548828125,1.103515625,961,30
962,51,1.064453125,2.7548828125,1.103515625,962,38
963,51,1.443359375,1.1962890625,1.103515625,963,23
964,51,1.443359375,2.7548828125,2.548828125,964,24
965,51,1.064453125,1.1962890625,2.548828125,965,37
966,73,1.443359375,1.1962890625,2.548828125,966,30
967,73,1.064453125,2.7548828125,2.548828125,967,50
968,73,1.064453125,1.1962890625,1.103515625,968,52
969,73,1.064453125,1.1962890625,2.548828125,969,50
970,16,2.443359375,6.2548828125,2.103515625,970,13
971,38,2.443359375,6.2548828125,2.103515625,971,18
972,16,2.064453125,6.2548828125,2.103515625,972,11
973,16,2.443359375,4.6962890625,2.103515625,973,12
974,16,2.443359375,6.2548828125,1.548828125,974,11
975,16,2.064453125,4.6962890625,1.548828125,975,11
976,38,2.443359375,4.6962890625,1.548828125,976,21
977,38,2.064453125,6.2548828125,1.548828125,977,19
978,38,2.064453125,4.6962890625,2.103515625,978,21
979,38,2.064453125,4.6962890625,1.548828125,979,19
980,14,1.380859375,0.3486328125,1.916015625,980,11
981,53,1.380859375,0.3486328125,1.916015625,981,25
982,14,1.501953125,0.3486328125,1.916015625,982,14
983,14,1.380859375,6.6650390625,1.916015625,983,13
984,14,1.380859375,0.3486328125,2.611328125,984,13
985,14,1.501953125,6.6650390625,2.611328125,985,11
986,53,1.380859375,6.6650390625,2.611328125,986,23
987,53,1.501953125,0.3486328125,2.611328125,987,22
988,53,1.501953125,6.6650390625,1.916015625,988,21
989,53,1.501953125,6.6650390625,2.611328125,989,22
990,49,2.380859375,3.8486328125,2.916015625,990,24
991,18,2.380859375,3.8486328125,2.916015625,991,12
992,49,2.501953125,3.8486328125,2.916015625,992,23
993,49,2.380859375,3.1650390625,2.916015625,993,22
994,49,2.380859375,3.8486328125,1.611328125,994,26
995,49,2.501953125,3.1650390625,1.611328125,995,22
996,18,2.380859375,3.1650390625,1.611328125,996,13
997,18,2.501953125,3.8486328125,1.611328125,997,13
998,18,2.501953125,3.1650390625,2.916015625,998,12
999,18,2.501953125,3.1650390625,1.611328125,999,13
